project_name,locs,stars,files,database_accesses_found,commit_checkout
freeCodeCamp/freeCodeCamp,53345,335035,622,23,bd7bf6971f7bd0460211f9c2173b1c39da090687
freeCodeCamp/pantry-for-good,54502,360,453,162,b42e9ff4438f43507a8039dc71831f4ca68a2437
freeCodeCamp/meeting-for-good,6119,338,77,32,34a12bdd48c7ca2e3d02612398e5c0b6aa6b8831
zeit/next.js,107610,76722,3880,8,35a02d97b7b0d6672311eba4dac1833b65e55b6e
zeit/vrs,17556,399,45,5,e0fe8e8d1bb86bbb5e97d8cf2fb143bc63e7c640
Automattic/mongoose,87763,23484,493,282,8066fd268fb23cc43e1ea83584ac389f7506431b
Automattic/monk,1624,1843,16,2,f5ce42247398a956b66fc5cb96023df465e18c64
YMFE/yapi,34337,22990,242,221,8e1f6546d52ad6a3f8d3ce3325eb1d0276209f4c
NodeBB/NodeBB,84446,12246,702,252,072a0e32d80d6270fd05817883ea0318d7388d4e
relax/relax,31574,8275,551,150,55a409d23acfcf0dd6c6819528d994795536ee94
HabitRPG/habitica,106789,8635,1116,745,7433eeb883887921f3d1406694789e0fce45ec49
fzaninotto/uptime,4442,3611,63,126,e2f6bfe42da7b9e8e1416cf9e0668fd9fb5e4294
bitpay/bitcore,105194,4181,818,361,cf5074cbcbef27148751139d1831c69c386f1240
bitpay/bitcore-wallet-service,28552,589,78,117,750172ff7c508a41e612e5ca037094d967964383
dresende/node-orm2,18538,3062,116,20,545ff8140ef28ff3ebc7435a0d7c3a0b5cebeb18
mongo-js/mongojs,2385,1781,84,71,df1fb993c379ff48537d3028f6722eaf6f5db014
DemocracyOS/democracyos,17512,1752,314,137,ad8627d2b6ccfcbe41941ff6f6bb3f65dbca0a11
webiny/webiny-js,28575,4792,1474,8,2593f45ddb4820e1d222ca62ff1adb32bc04d025
vitmalina/w2ui,110594,1937,127,21,6607ab7a1bf20e8a6788dd99ac24eba46d7fac8c
kissjs/node-mongoskin,1110,1545,30,12,60d677e287c8841fd5aa028b4a5ed6e4a6108467
diegohaz/rest,2732,1652,41,1,af80161cabf2e2c4500f336f33d2ed82ffb7e933
variety/variety,894,1584,21,91,a6731b4b944881e866e699460e22fa1369e97b51
bipio-server/bipio,11638,882,77,71,a13b03e6f15748365015b6750e22c2e8d4ac0517
rgarcia/dochub,12145,793,69,1,2cbe62ec86aef0cf41897523d46e3685cf4d5a36
alabid/flylatex,150089,768,100,43,2325bd30a0ca4a47a40da6e077577387ace10dd0
ircanywhere/ircanywhere,29554,742,84,56,c9239f87885b82b0b369c3fd4e0ed2b1f14f2f4b
christianalfoni/webpack-bin,57187,721,194,26,97c9dfe0f6cddba69b85ae4b0b7d03b5dc82ab4e
wesbos/Learn-Node,5278,1024,182,351,b5090bd3899dd2f20aee45637b461614c5f589f5
rickyrauch/nodejs-starter,538,652,23,8,ae5c9d5f09b888e05ba7b02f3da8ca3f7b6193d2
florianholzapfel/express-restify-mongoose,9855,638,40,3,a70bbf2e21f1fc56cb0db56eeee1427cf40f73a8
weseek/growi,25331,960,330,288,9019381907446705d7994ba46153e2790e7c158e
benas/gamehub.io,135887,622,466,26,e60645f366cd33f895c5af70e7e26705b0b46fe6
rain1017/memdb,6648,595,54,36,bded437d0e6aa286ec15238c71a91f96ded8e14e
addyosmani/backbone-boilerplates,13099,491,62,17,23aea6bb458ea643d364a08a67b5f90f22ccc610
burakson/sherlogjs,610,474,13,10,019ec3a8b5464329d6fbe5c175fd1b26e3f82480
azat-co/mongoui,10440,575,11,5,a226aa81e86b56ef83179bb955cd86711762c654
azat-co/rpjs,22780,190,95,6,1985ee00cabee499618d545d42095868b28e6ae1
azat-co/hackhall,4623,154,43,31,5553d038b97cb9866101d68301247e85eadcb7e3
hueniverse/postmile,160,408,2,4,7de2dbcba43afb31bc68ad45a0240a32aa59ed22
balderdashy/sails-mongo,2730,413,44,22,54f03b2ec8fd84ac129ef5ba414ea9e6f68c5b46
scottwrobinson/camo,4662,545,24,23,3acde553b37ec7d2161a20424fa1975243f96179
RisingStack/graffiti-mongoose,2962,393,31,4,414c91e4b2081bf0d14ecd2de545f621713f5da7
JasonBoy/wechat-jssdk,4086,621,29,18,03b68b03bfffcb257ba3751a4440c467c76aa4f8
entria/graphql-dataloader-boilerplate,6155,401,82,12,20ecba1b2c4f55a7a6cac6aecaa1e2792223bfb1
reindexio/reindex-api,20016,351,163,45,2e961c83b720ad2a2e4129188a8d7ba8f5c75214
madlabsinc/mevn-cli,2598,760,67,9,b000894a85e1b35f5c424c34a689288cf9466b67
e2ebridge/bpmn,13513,426,131,5,508959d8a5ccae2d388f223b1d8bc2c1865ff6cb
chevtek/mongoose-auto-increment,317,330,2,9,50bd2a642c7565cf0a9f2c368d437b83160ad0a6
hjespers/teslams,16154,404,26,37,552068f2b3ccb3cb5aa1eb229a6e0d6b0643a3c2
vivekratnavel/omniboard,10492,484,85,22,017ae6312d03d94982488a310305135b8b76ad30
hengkiardo/express4-bootstrap-starter,9423,318,56,47,be2bbf11703b479a4e79d5ca1d52aec102012863
alexfernandez/package-quality,12827,304,27,28,3a17ebc3f5e1f98edab6a8decbb9e47bad3f0848
Swiftam/book-node-mongodb-backbone,3734,276,172,16,4e7f58acac03432ca49f9003ee90a0817121b64b
moajs/moa-api,289,256,20,3,a6122da093e99ef533962017638574a53f1bf3ff
buraksenyurt/saturday-night-works,52007,329,165,11,c4aa91c8ad03c72df9b17f0e8f695d293b4c0a89
synzen/Discord.RSS,25989,645,351,167,f378fbe04a097ceb44668ab58cea362d35f5264d
lyh2668/TNWZ,371,216,6,6,4a422c9627e3be2e8bcbd249280ed0b1e25ad089
ndelvalle/generator-api,630,250,26,24,dc128a2f580c2879f7c71b2e7de37905084d7ad0
onepiecejs/nodejs-cantas,47516,207,182,136,77ef66251a97dff98afc31294ed3ca73994891df
warriorBrian/nuxt-blog,2442,288,57,42,4713584bbc175da8f8583afd6227d328ab57139b
dai-shi/social-cms-backend,20651,213,32,63,a791f0ad2efb4059793c173294b671ab2511334c
Pita/ueberDB,2202,235,19,8,e1ee056660570b6faae2153e4197b64e441533ac
Azure/blackbelt-aks-hackfest,658,214,19,24,993d91ad09447867398d791c4ce2715c0df8b739
Azure/kubernetes-hackfest,125973,250,80,24,b31ff0800367911b488baf19cc400e6195e7ba82
syzer/JS-Spark,5299,190,82,26,bd16677bf78a624eb0aed35bb745f548eb9d5765
keithnlarsen/restmvc.js,1008,159,16,2,c89441eff019058c555a80d20b6183fd8c9942dc
nebulade/meemo,4673,249,33,25,8d72196d3f5413604b1ea9bf7f274c0c48b40ac6
watson-developer-cloud/your-celebrity-match,821,156,19,13,b8313aa45e81951089450cadb733a61601a78dbd
diki/nodejs-passport-boilerplate,529,149,11,20,114ae4737cdbab12adc5da50cd3e52f9aa52f67d
Falconerd/discord-bot-github,344,300,6,11,0a6b6720222e7491640fcd7458312bb906332a8c
snyk/goof,441,261,8,14,9300e9afa7637bd7825d308e0780b1fe65ad8ff7
vibertthio/beact,6221,232,59,19,7bf31a79c6b48e890eda4edb188a922faf44fede
superhawk610/multicast,1320,190,30,20,7e8a27330a07285a2d7db2e2a55ab7d38fdce3fc
cedalo/streamsheets,207405,325,1520,93,1d2b586d2c2e1540b277ed317f4d625d972deafa
amejiarosario/meanshop,4714,148,97,19,305a189105dcebc7520a9875c119b4b3e4152dbf
FrontendMasters/intro-to-graphql,915,189,19,17,8aad15c5ced6e248b48fb3f8eecbbaa0e8ff5dcd
programadorabordo/ead-api,404,182,22,6,9150c39dc333093451fe56c99318d48c81a6a60d
ahkimkoo/neocrawler,31209,150,78,3,337259b53873090161490c5b1ad4d41b52ee73a7
archivist/archivist,55724,136,192,152,8d7f6c799e23ef0d392f190b146333ce0b8d5a20
lafin/ru-yts,572,109,8,6,ac2ee1b1ff569d76dfad0881fc60efa43d1d290b
sdelements/lets-chat,40760,9538,113,70,617207ff3c0c0bf8e3c7a915bd9ec03f1dd8390c
madhums/node-express-mongoose-demo,1138,4962,31,23,5682c2a332636d38a8fa2507539f83ce56b48ae5
madhums/node-express-mongoose,250,1275,14,2,39380b76b22e72a04d50a48b573370c1bcb60946
ForestAdmin/lumber,8335,2076,137,7,5b06954445c799f01f05a7ed81a388254b7388f4
Strider-CD/strider,116259,4527,340,254,371b0850ace2d6c55afe615e45fe3dba6b58382a
cube-js/cube.js,180880,11780,939,2,6ae1fd60a1e67bc73c0630b7de36b598397ce22b
reactGo/reactGo,1029,2778,251,17,1ab040571b1e67409c77dd6294dc9064363a495b
luoxue-victor/workflow,7917,1882,180,14,d46e9c8138d0c31f66ea6922b8efd325a083a422
baugarten/node-restful,1636,1324,20,21,a018736a30b0979ea5f848258ba34549e60fc04e
gatsbyjs/gatsby,241331,51748,2840,2,247b1dc0441fdade52a5ff7a71de8c9340ee05fd
sergeyksv/tungus,11608,108,33,7,29012d64046de50ae0a0e8920e0619e3bee8d46a
vasanthv/jsonbox,630,2442,8,14,3cc53bae748569948bf303338fb308b5d2103afa
edwardhotchkiss/short,394,349,6,8,4afb8a0f430c7828931cc4679076bad2161386c0
raineroviir/react-redux-socketio-chat,2392,865,54,16,0739e285243a06a8ecef504d885735c9bf268acc
proshoumma/ReForum,4357,733,87,34,f4b209b579f1fd83433779c1240837fb9cabf273
guo-yu/candy,967,580,16,5,53b01a9a5d63bd6981e7bceedcd0034f09c8f199
enjalot/blockbuilder,4429,283,44,7,d1cf0d2614deb87b047164da3f7c026214113703
OpenUserJS/OpenUserJS.org,11066,648,54,190,ac92955e1c9e320055f0be6c6a79c2929cb7725e
17koa/koa-generator-examples,553,489,25,6,59de28e6e46b11db8a1face1adc0cde41b83d248
udilia/create-social-network,8716,1044,173,40,117316406af8e34356584a23b95f13a4ce51e797
jones2000/HQChart,334717,1444,160,2,60f3909ff07da05788261f3bc715cad3d710ea9f
taterbase/mongoosastic,1342,325,15,2,e1521f643746ad23c59bb8dc1b1d0e5794149f9e
adaptlearning/adapt_authoring,54062,431,689,11,bed716953161dad2ba0d2a076725eb31f25b983c
EQuimper/nodejs-api-boilerplate,1648,383,42,24,cc702d73f14aec7e3eb88547bdbb2837ec0d6d7a
tmeasday/create-graphql-server,1886,323,35,1,51e0fbf073291fbae5b0ca4e69f7983b2b434c04
aredo/express4-bootstrap-starter,9423,318,56,47,be2bbf11703b479a4e79d5ca1d52aec102012863
botfront/botfront,27008,662,284,273,112a444bdca74fe55636a06fdf891c0813cf2c4c
OpenUserJs/OpenUserJS.org,11066,648,54,190,ac92955e1c9e320055f0be6c6a79c2929cb7725e
sharelatex/web-sharelatex,238467,335,1128,313,d7513e31f947f60e58acc9e9209921a13a650356
sixstars/starctf2019,36167,230,34,16,7e8bd4efbef03ed2b6a6bea2a01befc6374dde9e
Trustroots/trustroots,52878,349,540,318,ce9e1bafbcce9adcfe069ddbc010bf53d317f091
codio/iloveopensource,4909,134,74,93,a3419cd770b0fa73db46941bc3cb96216ab10c31
oeuillot/upnpserver,12217,165,93,7,d9c699c4de5da7497f8dec863e096523055971fc
artursgirons/beyondpad,71955,140,188,68,a523c6fe99a9abe2ad43f5da9ad701a95ca80567
fossasia/loklak_walls,45700,1437,549,30,b6fc32599723a63d88445ab437fd2d480deea075
smaxwellstewart/hapi-dash,14386,116,84,1,217c8adf50dea947a19bc66a868bd738ccaf9c24
toymachiner62/node-mongo-seeds,319,145,11,3,6bf3c3add7e6fcd9eb22ec7d0ad94f0dabf22881
nodkz/graphql-compose-mongoose,67,618,135,48,c08a9ce85480f0b8688099bf64a9743eb80c30f7
xxhomey19/PPAV,1019,131,22,4,4e68c961b24bc60950f8c23da5ddac36fab9c2db
htdt/digital_trip,9885,100,33,10,47f911cc593ba6b59e8a5a3899ac0bfa5de5e2b5
joshuaslate/mern-starter,2722,505,69,37,850771b29d4d4552bd2d60fbc10bac24b19e29da
rschmukler/agenda,1970,7956,62,18,78a08cae9d7f15a6f80e3a907a3a131cab1d28d2
DoubleSpout/rrestjs,123303,327,909,20,2e45593fd2b91bcaf84ee025679df6ccde05e3db
TimeMagazine/babynames,777,525,14,2,7b77461705f7d16f5a1b117ec4c44b6e3e4a70ac
nightscout/cgm-remote-monitor,36983,1638,271,84,3eeacc3a9fabe4484a5688dc2816f3651f2f3674
mz121star/NJBlog,63695,365,81,7,08be4473daa854e3e8942340998a6c282f3f8c44
TimeMagazineLabs/babynames,777,525,14,2,7b77461705f7d16f5a1b117ec4c44b6e3e4a70ac
graphql-compose/graphql-compose-mongoose,67,618,135,48,c08a9ce85480f0b8688099bf64a9743eb80c30f7
deepforge-dev/deepforge,40367,739,311,13,c8ee5473fabc855ddccbfbc4629a556f8ceb2e31
cnodejs/nodeclub,34362,9149,126,162,23885c74ea5c9a34d27894e5ad6bde23a8faead1
saintedlama/passport-local-mongoose,3407,1102,14,1,59bb478bd63108bb63de90cd5e54e132ddd71038
saintedlama/mongoist,1570,282,10,31,c614a17b88c3d0862f8d06edb4c598a84fbc9b4b
saintedlama/restify-mongoose,3308,110,15,2,1c01c5b14770326e901f0b8096b67908ecc3527d
LockerProject/Locker,52687,1076,533,1,cf0c12e25e2a7fd33c7274a5d8bc144de3b65fbb
jspears/mers,2828,345,32,6,a8dc41a3c9ddba35b1f760f7ffed0e280fa4080b
sahat/hackathon-starter,2328,32449,10,94,afd298e3cf08c0f783fe028a320c6f285a697f61
sahat/newedenfaces-react,1510,854,30,26,653bfa2f1470cbe44cb55167020f0551053ca756
sahat/tvshow-tracker,15607,603,31,21,083614d5aa9302e45b62459bf7ad4c58659d4388
tdegrunt/mongodb-rest,3377,408,31,35,2e1a682b184329f992fb3e799de26249d6cb3bc2
emadehsan/thal,85,2342,2,2,f3b05c3f3e629dec8d819a5415a97f0c7872a8f5
ladjs/lad,4198,2102,83,46,b57a889196092449c486f72394bfb97c8585bda1
jedireza/aqua,21474,1395,291,6,f185bd21c6563ba25f1b079ed50a0258ba0b0b46
scripted-editor/scripted,85792,1581,425,8,bb5c85bcf966a043affbeea99428eb56b90dfb9a
agenda/agenda,1970,7956,62,18,78a08cae9d7f15a6f80e3a907a3a131cab1d28d2
nosqlclient/nosqlclient,25888,3392,217,21,51e347741491d4145a4cb2cc0f441e4e4579ec16
strapi/strapi,147114,40928,2267,55,a77928d8ed83e520e316d7f6e9d72c6ef97ac442
stalniy/casl,5825,3540,132,5,80c4f0bb4b93d47f78e4874d4a9c1ca74d46c2cc
DimiMikadze/create-social-network,8716,1044,173,40,117316406af8e34356584a23b95f13a4ce51e797
DimiMikadze/node-redux-auth,1211,182,40,30,388d5985a89df83a86c5fa6c036a8a88145fb1a9
mafintosh/mongojs,2385,1781,84,71,df1fb993c379ff48537d3028f6722eaf6f5db014
keystonejs/keystone,72102,5150,1098,58,b9ab63ad35f2227c0200c8a406d059cb04abbdf0
keystonejs/keystone-5,72102,54,1098,58,b9ab63ad35f2227c0200c8a406d059cb04abbdf0
icebob/vue-express-mongo-boilerplate,6312,2812,112,79,fd48e4af64ec76cb03ccb0c86d3919732f149938
alexyoung/nodepad,1090,755,13,16,68357e774e2c971b39f9dec343a5c1c763d76401
seejohnrun/haste-server,1335,2392,23,3,5d2965ffc5d9b309ef6d4be9e8c2288c83d72c73
allcount/allcountjs,7724,412,125,33,695f873c0ac0fe39be5e0a89952750d7453133f6
Hashnode/mern-starter,1818,5173,55,6,7a8d9d7e035bf8acf643a3b8d480f2b4ba5ff5d0
mgenev/nodember,3275,330,93,64,cb5d450b3589d8f9ba100ea928579cbfba5e73cc
cla-assistant/cla-assistant,16765,912,90,76,009b10c4a50eadc7d88c3e6927ea9268c864ae37
iquidus/explorer,36104,688,80,74,f4164adb4ee1ae9b0605cd7a24bfd6c2fdcf0d66
kylestetz/slang,1416,1107,38,4,0feaa5dcce78ff9d0127dd9861984fcec04e4626
mongo-express/mongo-express,2714,4375,40,8,440f0e5553656a9336a07639b86e6984d27d7d94
outmoded/postmile,160,408,2,4,7de2dbcba43afb31bc68ad45a0240a32aa59ed22
builderbook/builderbook,5408,2985,301,366,e90e27c142e9ca9a15aec230feac596942be397b
node-red/node-red-nodes,14979,772,100,13,fa2ea96e6767b5d364e6c3e974a08e6d4e5f5127
danielfsousa/express-rest-es2017-boilerplate,1877,1778,23,27,c2119e637762a2a781918de7b944162c1aac3d62
tellform/tellform,9874,2935,138,42,d5c94ce67fbd5edfc6674703ff799ef330a872a0
OmarElGabry/chat.io,623,1370,13,23,082952e527a2f47f46341e0a6636f29d140c2abf
Countly/countly-server,231062,4852,656,1387,6e4e28c8f8b607e8d3a85ec25924f286e3afe53c
foxhound87/rfx-stack,1760,426,73,2,cc3a5ae340a8e96716d1874e4d6d261b452f7e37
ltonetwork/mongodb-rest,3377,408,31,35,2e1a682b184329f992fb3e799de26249d6cb3bc2
LearningLocker/learninglocker,60605,461,1121,152,594ef496d8a9411340404301a55cf95de0079a6d
datatypevoid/vulgar,1170,292,76,22,bf6017fb2dd38d406b07a7b549680587f2d39277
datatypevoid/ng2-mean-webpack,1055,99,54,22,39112fc8ddee3912fedb755189ef5c522f13f8f5
chevex-archived/mongoose-auto-increment,317,330,2,9,50bd2a642c7565cf0a9f2c368d437b83160ad0a6
Jerenaux/phaserquest,36021,328,32,16,4b4c322b4e6a45092752426c1b86cca2cb404bda
DaftMonk/fullstack-demo,1816,275,50,25,a78b57fdc2eaef52e705b0972a22fa5f0933a59f
TossShinHwa/node-odata,2402,348,71,1,db9ecb0a3f9d7800e786cc599fe11831b25a50d2
Mockgoose/Mockgoose,645,263,25,1,8dceae04d98a9606f4642767bc7f533bc81745a6
geekuillaume/Freader,465,253,10,17,8d7c3ce20992f649e35d4391ed8000198e444e75
arunoda/laika,1539,245,33,3,63199f900756a695aa5ab80341d0185a200c9403
tblobaum/mongoose-troop,2320,246,35,3,09747e90b7f6d45a734c806c18cf635642634235
antonshevchenko/pager,155799,226,1181,5,0a03221ad14af0f8ec0b76c99a516fde407663b4
serverless/serverless-kubeless,6616,296,51,7,be5235ccede6ab3f450978a790d6e0fa01f4fde3
angular-cn/ng-nice,70709,193,71,19,85f9118fa7c10395eb01b019ba57680805897efa
lipp/doclets,5764,207,68,49,5d1f9f3bedc44cbf3904b5e10b086442a511bbf7
eclipse/orion.client,321657,224,1154,32,869b6bcc890002be80539a4c646fab78a405cd64
node4good/formage,44272,185,194,68,9a6f4b6478402050940262507034b4545a2b4bbf
macalinao/preston,2289,164,14,13,87105425b2c30ce773be196c3f85872375099113
Cordazar/crest,295,177,4,8,aec9cae78831b9e875d17804fc7e7cb3488da1ef
huseyinbabal/token-based-auth-backend,46781,167,322,6,0d6b650cddcee0a7448d062764288353d35dda01
volpe28v/DevHub,8118,183,61,128,4090d15ed053a73c941781886084868ae9499649
sitepoint-editors/MEAN-stack-authentication,279,182,27,4,d7d9f771ce61c0a63bf953f5815a51e84042369c
fengmk2/nodeblog,2585,130,24,9,1150320c9c8bf0031e8cbfc663aa894cce59369c
timezoneio/timezoneio,3820,182,65,92,a14286914b0034ce75f08e5c5842b012822f0b29
xiaods/nodejs-cantas,47365,114,174,141,f194f42940f26dcd70583ff6b16405615dbb7780
spencermountain/dumpster-dive,896,181,25,6,1491a31e38c4684f1a1bb960afbbb281465dfd36
universoimpulso/atena,4196,133,61,89,0eaae161b7a0994bee5a1e85d17c646da3f766a0
abecms/abecms,34786,165,338,74,e9daebd8b83bb0d84362933107e0cd11bb9f363b
arthurkao/angular-drywall,9336,109,106,11,e09fa8561c510faa307c23a1bcf0a64f3a38a17d
yankouskia/Shop,1179,124,38,22,6287103f3a5a247947725f7e9f61935dafe91e3a
beaucarnes/mern-exercise-tracker-mongodb,633,584,14,8,49b3add872eba88db5744b3d142a92a3d7b7813c
lloyd/myfavoritebeer.org,389,103,5,3,3cabcca67bc68d6eb849e8292978bd63bdd66442
cfsghost/lantern,4931,106,72,3,52de70756660f3a9ef339fd26d92a90a43721dc1
share/sharedb-mongo,2166,134,8,25,67d0728a76ea8091001edd0275ab66eb123f0615
ecdeveloper/node-web-crawler,606,107,6,19,e221022d9760d2cc94605d50c866ff42df26be62
mongoclient/mongoclient,25888,3392,217,21,51e347741491d4145a4cb2cc0f441e4e4579ec16
arackaf/mongo-graphql-starter,18853,409,237,13,b28d29d6d6866ddfbb3e043c2ab48667bcb639d9
polonel/trudesk,536380,678,794,411,f47bb15527279c87a436da4f1caa49a2fa60adfd
braitsch/node-login,1004,1527,16,16,6ea8d2d678e999cc11014e1b31cc86d157644807
meanjs/mean,9905,4907,134,43,ed8d04c4cacf305c25a7a13fface589fd80d1d58
wmui/essay,1702,928,37,44,1c8a0f347cda756fa0f08873f6220aa5c0618015
legomushroom/iconmelon,38993,462,124,24,18bb6198e19d84614d2b420fba2c366bca0f4676
BenjaminAdams/RedditJS,57081,531,127,1,e7d2f2c36a9ebb10c57318dfbeac65237870cfb8
cliftonc/calipso,353172,1725,414,163,a730b00c8baf9c71940e87a9c12b49b87939b45e
cliftonc/express-mvc-bootstrap,1575,265,23,9,4a6308d7da9e36eaa123bf6d60dc6f2b7ca737cc
KunalKapadia/express-mongoose-es6-rest-api,571,2800,15,5,247fedde56e380fae720ce65ff65a7d0b034b3e2
kunalkapadia/express-mongoose-es6-rest-api,571,2800,15,5,247fedde56e380fae720ce65ff65a7d0b034b3e2
mrvautin/adminMongo,4278,3789,354,43,9ab2e989e90c477d395b2327b6eaa238f08d03b7
mrvautin/openKB,5034,627,35,55,2c3f765d4d48df0e8c10cdfe2ecda2950c96756b
phodal/lan,1583,533,30,12,72dd1cc9880e080809975681dec53868ab2a0fc6
processing/p5.js-web-editor,11458,807,147,123,06396bde50d88f5471af056009f7d2d3de3c4cb2
square/cube,18135,3928,38,10,d09728455fa5319ad174d175907078a90dc4396f
pubnub/pubnub-api,5515,825,51,15,4eccc38dad85bb73bcb6c561063ea07f5ea0c8d3
godaddy/terminus,1063,1457,33,2,c89f5b0961de3371727ada04ed3eb2f021a34082
dozoisch/koa-react-full-example,1344,635,43,8,174015cc6bd476e4f9f20d2293cc0fcb8cdc13af
bnoguchi/mongoose-auth,754,751,34,11,054f5702470f2063f4f5927e433cb3678d658c93
bnoguchi/mongoose-types,261,171,8,3,544613ef10c1a2a3ac3dcb0841ce155a184e4582
Smile-SA/node-pushserver,15702,524,16,13,c9747584de3ce8199824fea653e12e79919604ff
crocodilejs/crocodile-node-mvc-framework,4198,2102,83,46,b57a889196092449c486f72394bfb97c8585bda1
mikedeboer/jsDAV,14444,676,170,20,1fe585dff008184d3ea03332c50b4fcceadf8b76
pencilblue/pencilblue,46477,1590,367,21,2176e46d4cc0cc1dc72254ab630a22201f5f9131
superscriptjs/superscript,4873,1653,61,25,5e3e1b51654a54518dfada17c0cd9dc146c8e48a
formio/formio,46245,1419,163,152,d66a4aa040d783864937e991635b64367e8245f0
linagora/hublin,19177,1614,225,27,0e2b9f559c789fcacd2f1e82a4f98271e9249e3f
linagora/openpaas-esn,162843,424,2186,273,726b81a4b09caf344c1cd4cc91a127e8dd8fbf61
scotch-io/easy-node-authentication,427,1359,6,19,6d322c7435b653151774f236890b1f920cbc88a2
scotch-io/starter-node-angular,58,485,12,1,f856e31ede797c9fcf1203839f8a96a5b5340eaa
devongovett/reader,4274,352,31,68,8a419298e508dfe52e13b30f5fa3affdf1ed2314
feathersjs/generator-feathers,2485,120,114,2,a063f717738189fc06817399fe5909d8d2edda55
deployd/deployd,46339,5016,90,22,13eeee1e74c32ba0f9d73c051b89ca3427f45ab4
SteinHQ/Stein,945,767,34,20,b819b3d80bc2e749fac6d1136c6a242d172527fa
crowi/crowi,892,1057,204,185,eecf2bc821098d2516b58104fe88fae81497d3ea
OptimalBits/ground,11972,101,105,4,03bbdd1567752255b79b00ba722c9b435138cab3
parse-community/parse-server,101093,19078,301,150,7b8d8ddbb0de583621a4d2ede95793c6516bc4c0
larvalabs/pullup,9440,317,41,74,e4e3778d3debf7b7682e2a72b7d6d9f80c2c10cd
hwz/chirp,543,329,35,48,41a91ee3e2dd18a5e27cae3b4ebd2943053583a7
tungtouch/HubTaxi-Server,3852,341,21,12,efc9efe659fd9806b5eeb6b82bc5f957c37cd308
FacultyCreative/ngActiveResource,7363,255,34,1,cb246e855ba3e48275d5c1ffc36b9130805c80dd
mongoist/mongoist,1570,282,10,31,c614a17b88c3d0862f8d06edb4c598a84fbc9b4b
dan-divy/spruce,13445,439,62,65,40f2d8cdb04f50cf1096f28d376d6a4528f62e4f
xinyu198736/Rabbit.js,5417,240,70,2,30c443e3705da05e68efd1dc9dc71e48d2c54901
overleaf/web,238404,335,1128,313,59c7651d3709c86297e57439248a828318092281
duyluonglc/lucid-mongo,15208,316,81,79,6377e9d0309219eccaf4c9bcb9f56ee5b249e9f3
mailgun/node-prelaunch,486,230,9,3,0a3c228ef1693003774064fbd366053e381bb53b
louischatriot/mongo-edit,2244,229,105,16,9e8962f70d4c412da27a2a5c2968c0bfb5f678fc
csanz/node-expressjs-example,1573,211,21,2,c39963ab842d78fbcf0c87811bdc2bb9e6730fa1
csanz/nodejs-blog,1573,211,21,2,c39963ab842d78fbcf0c87811bdc2bb9e6730fa1
cvallance/mongo-k8s-sidecar,538,409,5,4,674e15b6987a3d20e5dc0086e0c389bc22830d65
neyric/webhookit,172403,178,363,26,13abf6f072e23d536432235da78fd3e4e5d742b6
snodgrass23/base12,851,169,29,5,12720d86a338efc620dddb8258a03ebae9b7de2e
anticoders/gagarin,6368,154,71,9,4f06bbff4221d8e75b73026b638b003f11821fa5
vinitkumar/node-twitter,8496,265,37,54,c81e53f92e02c90e05087ec39794a934af3c9ddb
widestage/widestage,45718,260,283,98,0d160825004b1711516caeea135fdb02ea07e49d
CommonGarden/Grow-IoT,6182,22,112,22,d5e3746ef7b4633c002c7b89636e43bdc6d08905
zipfworks/ember-prerender,1255,141,38,3,d6eeb0df4524ac54f06b3cda0c755b7e66079bb3
zishon89us/node-cheat,3096,384,130,19,b9cfbff4768a98157409a0057c16f0961b3d1776
EasyERP/EasyERP_open_source,487631,174,1634,2213,693c2531b8bcb110c4ab8ef649895a5f47c3aed8
asm-products/octobox,24141,135,114,367,18f5202f5b429349ec0b7a45c5d7c53af6a36df0
julia-/room-booking-system,2390,349,39,12,9b40ef983d38a8b5862c629e860693cfd98108f7
Isithelo/Fraternate,32647,133,34,4,30872b63f89dddc29e2b2599e3ed44af426b8548
cagataycali/url-shortener,17398,155,25,5,dc96847c6d3d07c5f6fabe46bb77da27fde0885e
ramiel/mongoose-sequence,1007,222,5,8,127b4a52c77b41caa87fdcb27ee3763ede1ee019
zsxsoft/danmu-server,1712,167,38,2,1b030926221e48a9cadf8029fb62e9d555b6f3af
lmarkus/Kraken_Example_Shopping_Cart,322,93,12,7,8ff3100bb06f9051270767432e3b51be4b9ee83f
mongoosastic/mongoosastic,4427,973,31,2,558ba1a486ae1efdb0a48dba279d69118679d3c5
scotch/sapling,10159,114,90,20,e4c1da9aa8e25eca6c790c910d1e19da03f63788
dstroot/skeleton,133185,372,424,79,163a9e2ab067e402758007451b86396fe2e4cc81
mallocator/Elasticsearch-Exporter,6619,593,42,2,a29438c490e06ea843c4c4bc453dcab682522c4f
thomas4019/expressa,4572,370,70,6,272ea95d6ed8fae852c6bf6a8169d1a72e68fbcb
18F/checklistomania,1660,361,15,29,98657747c5460c51debb6e396e4ade254e63df53
nodemailer/wildduck,43952,1410,166,688,8074083f08dabd5dfa3a16f60890d641bad106a8
strongloop/loopback-connector-mongodb,6560,180,17,21,7393fc5983dcddbe99a9b499e00b86f87a48e8b4
jdesboeufs/connect-mongo,1323,1831,13,10,6c62235206dcfd6c8e1bf5b73927b6b1297b5e65
davellanedam/node-express-mongodb-jwt-rest-api-skeleton,3627,694,134,70,28a9aee8341ed64c6bf3b731ea3f9885f3745946
Khelldar/Angular-Express-Train-Seed,15919,103,34,4,d67b9e8e63e95ad14be6eb31d7ea9a7d7a82714d
eshengsky/iBlog2,304,1107,32,83,c5cea74c31a5b5c070a8dba64d514bb04694db22
microsoft/devops-project-samples,106027,234,1887,60,cadeabb45a9726f98986e8e024518d42e5b6a49d
Microsoft/ghcrawler,10190,315,60,14,58a7827a24568cf80859e064d5c97483c14735a8
ql-io/ql.io,39242,937,220,1,18991838d36e845fae18dcefa4f1d58f276014c4
officert/mongotron,8863,2670,149,19,838fd40bc4facdcba43aa16e23f9c6ef98440383
CloudRail/cloudrail-si-node-sdk,29766,270,168,4,65f07e43d4e78308e390782632cd23851c0af11a
seppevs/migrate-mongo,1657,604,24,6,1def42e81ee4944a4da40a46ce0eea66269a36ea
dickeyxxx/mean-sample,568,165,38,7,f66d10d0f56193d9b043f191d8a82556b2be2bbe
simpletut/Universal-React-Apollo-Registration,2285,505,42,1,26f48641468386b412058f1a190d338e55c69281
hex7c0/mongodb-backup,1792,132,13,8,b13dd250bc0eba699ddb89b1b937887b3f04e40a
techx/quill,3310,401,40,39,3227d1f60409eb02d682e14dd63197cd3073f63a
thenativeweb/wolkenkit,2573,966,1511,99,4e049e659572d8cd13bea6ec2cc661653cbb8e53
cezerin/cezerin,48808,1982,496,198,af73bdbeb17ae75f0db9e59d092b5e9b90bbe511
ArbeitBot/ArbeitBot,4593,141,31,142,695b0b7dce473b8460db3af2c00c58ce556978cf
ThalKod/DropIt,3304,366,14,11,2217c83d459ea9dc780774843edc32697e74ba4d
xiongwilee/Gracejs,11072,1335,172,1,be6eee07d532f1fb75dcee5e1aca3a9af36592d3
xiongwilee/koa-grace,11072,1335,172,1,be6eee07d532f1fb75dcee5e1aca3a9af36592d3
Clouda-team/Cloudajs,20303,909,136,8,cc81ad0a2bf1a9858faefc4c47539df13ac55f1a
RandomAPI/Randomuser.me-Node,4161,968,126,13,64fd050d99e1242a9bf219810bc54ecbdc1d76fb
prabhuomkar/frisky,324,164,9,8,f5d1025086ef5a3c7c16bc13cb47cce67275db3e
ChrisZieba/LogicPull,38351,400,71,188,adeecde20fd4320f678274344968b0496959eaea
ovh-ux/ovh-chatbot,3508,109,70,47,e3a298abf697106f65219e88f615e6c2b0bcdb27
jacted/speed-monitor,543,200,13,3,5046a1a1ef5cc1a0aea8d15b511091185926d6b1
pa11y/pa11y-webservice,33075,131,31,20,c9d198be615d170486d039459497a6c3c05c7e1d
koresar/medici,722,170,8,17,9d22ecaa870971acb341936ee251f7f281ba0a03
